Image,ID
SMRU16_Or_074_037.JPG,Or001
SMRU16_Or_110_005.JPG,Or001
SMRU16_Or_251_022.JPG,Or001
SMRU16_Or_270_195.JPG,Or001
SMRU16_Or_265_240.JPG,Or004
SMRU16_Or_265_241.JPG,Or004
SMRU16_Or_265_242.JPG,Or004
SMRU16_Or_265_243.JPG,Or004
SMRU17_Or_378_017.JPG,Or006
SMRU17_Or_378_019.JPG,Or006
SMRU17_Or_378_020.JPG,Or006
SMRU17_Or_392_008.JPG,Or006
SMRU17_Or_388_009.JPG,Or007
SMRU18_Or_499_030.JPG,Or007
SMRU18_Or_499_053.JPG,Or007
SMRU18_Or_505_006.JPG,Or007
SMRU18_Or_426_017.JPG,Or008
SMRU18_Or_451_017.JPG,Or008
SMRU18_Or_451_054.JPG,Or008
SMRU18_Or_499_021.JPG,Or008
SMRU16_Or_121_033.JPG,Or009
SMRU16_Or_156_003.JPG,Or009
SMRU16_Or_161_001.JPG,Or009
SMRU16_Or_161_003.JPG,Or009
