Image,Id
0000e88ab.jpg,w_f48451c
000a6daec.jpg,w_dd88965
001cae55b.jpg,w_581ba42
00442c882.jpg,w_8cad422
004e8ad5b.jpg,w_3de579a
004f87702.jpg,w_1d0830e
01425e516.jpg,w_581ba42
01598711e.jpg,w_3de579a
01c602e06.jpg,w_dd88965
027af9390.jpg,w_1d0830e
0706d4216.jpg,w_dd88965
07ac2b767.jpg,w_dd88965
095533ca6.jpg,w_581ba42
0ad6ea37e.jpg,w_8cad422
0af805558.jpg,w_f48451c
0b38cb192.jpg,w_3de579a
0d94bdad3.jpg,w_3de579a
13f275380.jpg,w_581ba42
1c351b88e.jpg,w_f48451c
1e73ca94a.jpg,w_1d0830e
2042b43d0.jpg,w_8cad422
278c761ca.jpg,w_1d0830e
41428391b.jpg,w_8cad422
6f7abb1be.jpg,w_f48451c
